Investor name,Website,Global HQ
Akatsuki,https://en.aktsk.jp/,
Alibaba Capital Partners,https://www.alibabacapital.com/project/index.htm,"Hangzhou, Zhejiang, China"
Allison Wood Ventures,http://allisonwoodventures.com,
Amazon Alexa Fund,http://www.alexafund.com/,"Seattle, Washington, United States"
American Express Ventures,http://www.amexventures.com,"Palo Alto, California, United States"
AmorePacific Ventures,http://ventures.amorepacific.com,"Seoul, Seoul-t'ukpyolsi, South Korea"
ANZ Capital,http://anz-capital.com/,"New York, USA"
Anzi Ventures,https://anz.com,Australia
Applied Ventures,http://www.appliedmaterials.com/company/applied-ventures,"Santa Clara, California, United States"
Archer Gray,http://www.archergray.com/,"New York, New York, United States"
Arkwright X,http://www.arkwrightx.no,"Oslo, Oslo, Norway"
Asahi Medialab Ventures,https://asahimedialab.vc/english/,"Tokyo, Tokyo, Japan"
Ascension Ventures,http://www.ascensionventures.org/,"Clarkton, Missouri, United States"
Aschendorff Next,https://www.aschendorff-next.de/,"Münster, Nordrhein-Westfalen, Germany"
Assurant Growth Investing,http://www.assurantgrowthinvesting.com/,"Atlanta, Georgia, United States"
Ataria Ventures,https://www.atariavc.com/,"Palo Alto, California, United States"
Audi Electronics Venture,http://www.audi-electronics-venture.de,"Gaimersheim, Bayern, Germany"
Axel Johnson,http://www.axeljohnson.com,"New York, New York, United States"
Bauer Venture Partners,http://www.bauerventurepartners.vc,"Hamburg, Hamburg, Germany"
Baxalta Ventures,http://www.baxalta.co.uk/research-development/baxalta-ventures.page?,"Cambridge, Massachusetts, United States"
Baxter Ventures,http://www.baxter.com/inside-baxter/science/programs/baxter-ventures.page?scroll=tab-navigation,"Deerfield, Illinois, United States"
BayernLB Capital Partner,http://bayernlb-cp.de/,
BayWa r.e. Energy Ventures,https://energy-ventures.baywa-re.com/,"Munich, Bayern, Germany"
BDMI,https://www.bdmifund.com/,"New York, New York, United States"
Beacon Venture Capital,http://beaconvc.fund,"Bangkok, Krung Thep, Thailand"
Beenos,https://beenos.com/en/,
Beijing Cultural Center Fund,http://bccf.com.cn/#,"Beijing, Beijing, China"
Belcorp Ventures,https://www.belcorpventures.com/,"Lima, Lima, Peru"
Berliner Volksbank Ventures,http://www.volksbank-ventures.berlin/,"Berlin, Berlin, Germany"
Bertelsmann Asia Investments,http://www.baifund.com/,"Beijing, Beijing, China"
Bertelsmann India Investments,http://www.biifund.com,"Abcoude, Utrecht, The Netherlands"
Beyond Ventures,http://www.beyondventures.hk,
Bialla Venture Partners,https://www.bialla.com/bialla-venture-partners,"Severna Park, Maryland, United States"
BID Invest,http://www.idbinvest.org/es/,
Big Issue Invest,http://www.bigissueinvest.com,"London, England, United Kingdom"
BillerudKorsnäs Venture,https://www.billerudkorsnas.com/venture,"Solna, Stockholms Lan, Sweden"
BlueBox Ventures,http://www.blueboxmx.com,
BlueCross BlueShield Venture Partners,http://www.bcbsvp.com,"Chicago, Illinois, United States"
Bonnier Ventures,https://www.bonnierventures.com/,"Stockholm, Stockholms Lan, Sweden"
Bose Ventures,https://bose.ventures/,"Framingham, Massachusetts, United States"
BrightEdge Fund,https://brightedgefund.org/,"Atlanta, Georgia, United States"
Broadleaf,https://www.broadleaf.co.jp/,
Broadway Video Ventures,http://www.broadwayvideo.com/ventures,"New York, New York, United States"
Bumble Fund,https://thebeehive.bumble.com/bumble-fund,"Austin, Texas, United States"
CAA Ventures,https://ventures.caa.com/,"Los Angeles, California, United States"
Cac Capital,https://cac.capital/,"Tokyo, Tokyo, Japan"
Capital One Growth Ventures,https://growthventures.capitalone.com/,"San Francisco, California, United States"
CapitalG by Alphabet,https://www.capitalg.com/,"Mountain View, California, United States"
Carnrite Ventures,http://carnritegroup.com/ventures/,"Houston, Texas, United States"
CarStudio,https://car.studio/,"Sainghin-en-mélantois, Nord-Pas-de-Calais, France"
CASVC,http://www.casvc.com/,"Beijing, Beijing, China"
Caterpillar Ventures,http://www.caterpillar.com/en/company/innovation/caterpillar-ventures.html,"Menlo Park, California, United States"
CEA Investissement,http://www.cea-investissement.com,"Paris, Ile-de-France, France"
Cemex Ventures,http://www.cemexventures.com/,"Madrid, Madrid, Spain"
CCV Central Capital Ventura,https://centralcapital.vc,"Jakarta, Jakarta Raya, Indonesia"
Centrica Innovations,https://www.centrica.com/centrica-innovations,Centrica plc Millstream Maidenhead Road Windsor Berkshire SL4 5GD
Ceres,https://ceres-inc.jp/,
Check24 Ventures,https://check24.vc,"Frankfurt, Hessen, Germany"
Chukyo TV Broadcasting,https://www.ctv.co.jp/indexmenu.html,
Cigna Ventures,https://www.cignaventures.com,"Bloomfield, Connecticut, United States"
Citic Metal,http://www.metal.citic.com,"Beijing, Beijing, China"
CMC Capital Group,http://www.cmccap.com/en/index.php?s=/Cms/Index/index.html,"Shanghai, Shanghai, China"
CME Ventures,http://www.cmegroup.com/cme-ventures.html,"Chicago, Illinois, United States"
Cockpit Innovation by El Al,http://cockpitinnovation.com,"Tel Aviv, Tel Aviv, Israel"
Coinbase Ventures,https://ventures.coinbase.com/,"San Francisco, California, United States"
Connecticut Innovations,https://ctinnovations.com/,USA
Construtech Ventures,http://www.construtechventures.com.br,"Florianópolis, Santa Catarina, Brazil"
Corpa Capital,http://www.corpacapital.com,"Zapopan, Jalisco, Mexico"
Cowen Healthcare Investments,https://www.cowen.com/sectors/health-care/,
Cream City Venture Capital,http://www.creamcityvc.com/,
Curious Capital,https://www.curiouscapital.vc/,"Köln, Nordrhein-Westfalen, Germany"
D-Ax Corporate Venture Capital,http://www.d-ax.se,"Stockholm, Stockholms Lan, Sweden"
Dadneo,http://www.dadneo.com/,"Santiago, Region Metropolitana, Chile"
Daikin Industries,https://www.daikin.co.jp/tic/,
Dale Ventures,http://dale.com/,"Dubai, Dubai, United Arab Emirates"
Danfoss Ventures,http://www.danfoss.com,"Nordborg, Syddanmark, Denmark"
DC Thomson Ventures,http://dctventures.com/,"London, England, United Kingdom"
DC Ventures,http://dcventures.vc,"Washington, District of Columbia, United States"
Dentsu Innovation Partners,http://dentsu-ip.co.jp/,
Dentsu Ventures,http://dentsu-v.com/en/,"Tokyo, Tokyo, Japan"
DG Ventures,https://dgventures.com/,"Tokyo, Tokyo, Japan"
DIC Corporation,https://www.dic-global.com/en/,
Diehl Ventures,https://www.diehl.com/ventures/en/diehl-ventures,"Nuremberg, Bayern, Germany"
Digital Ventures by Siam Commercial Bank (SCB),http://dv.co.th/index.php,"Bangkok, Krung Thep, Thailand"
Discount Capital,http://www.dcapital.co.il/,"Tel Aviv, Tel Aviv, Israel"
Distill Ventures,https://www.distillventures.com/,"London, England, United Kingdom"
Dmg ventures by DailyMail,https://www.dmgventures.co.uk/,"London, England, United Kingdom"
Double Sharp Partners,https://www.double-sharp.vc/,
DuPont Capital Management,http://www.dupontcapital.com,"Wilmington, Delaware, United States"
DvH Ventures,http://dvhventures.de/,"Köln, Nordrhein-Westfalen, Germany"
Eastven Ericsson Venture Partners,http://www.evp.com,"Darien, Connecticut, United States"
EDP Ventures,https://www.edpventures.vc/,"Lisbon, Lisboa, Portugal"
EdVentures by Nahdet Misr Publishing Group,https://www.nmedventures.com/,"Gîza, Al Jizah, Egypt"
Effective Investments,https://efi.ua/,
Eighteen94 Capital,https://www.1894capital.com/en_US/home.html,"Battle Creek, Michigan, United States"
Emerald Media by KKR,http://emeraldmedia.asia/,"Mumbai, Maharashtra, India"
Endeavor Catalyst,http://www.endeavorcatalyst.org/,"New York, New York, United States"
Engelhardt Kaupp Kiefer & Co.,https://ekkco.de/en/home/,"Stuttgart, Baden-Wurttemberg, Germany"
Enlightened Hospitality Investments,https://ehi.fund,"New York, New York, United States"
Equinor Technology Ventures,https://www.equinor.com/en/how-and-why/statoil-technology-invest.html,"Stavanger, Rogaland, Norway"
Evolve,https://evolvetechnology.se/en/services/ventures,"Götgatan 15, 411 05 Göteborg, Sweden"
Experian Ventures,http://www.experian.com/ventures/index.html,"San Francisco, California, United States"
F+ Ventures,http://www.fplus.ventures/,"Istanbul, Istanbul, Turkey"
Fairfax Digital Ventures,https://www.fairfaxmedia.com.au/portfolio-landing/digital-ventures,"Pyrmont, New South Wales, Australia"
Far East Holding Group,http://www.fegroup.com.cn/,"Yixing, Jiangsu, China"
Far East Ventures,http://www.fareast.ventures/about.html,"Singapore, Central Region, Singapore"
FastTrack VC,http://www.fasttrack.vc,"Whistler, British Columbia, Canada"
FCP Innovación,http://www.fcp-innovacion.com,"Medellín, Antioquia, Colombia"
Ferguson Ventures,http://www.fergusonventures.com,"Newport News, Virginia, United States"
Fielmann Ventures,http://www.fielmann-ventures.com,"Hamburg, Hamburg, Germany"
For Startups,https://forstartups.com/,
Freebit Investment,http://fbinvest.co.jp/,
Fujitsu Limited,https://www.fujitsu.com/global/,
FunCubator by FunCorp,https://funcubator.co/,"Moscow, Moscow City, Russian Federation"
G+J Digital Ventures,https://www.gujdv.com/de/home/,
Galaxy Ventures,http://www.galaxyventures.co.th,"Bangkok, Krung Thep, Thailand"
General Motors Ventures,http://www.gmventures.com,"Warren, Michigan, United States"
Google Assistant Investments,https://developers.google.com/actions/assistant-investments,"Mountain View, California, United States"
Google.org,http://www.google.org/,"Mountain View, California, United States"
Gordon Brothers Japan,https://www.gordonbrothers.com/,
Growin’Partners,https://www.growin.jp/,
GS Shop,https://company.gsshop.com/en/sustainable-management/future-growth/contentsid/79/index,"Seoul, Seoul-t'ukpyolsi, South Korea"
GS Venture,http://venture.gs/en/,
GTR Ventures,http://gtrventures.vc/,"Singapore, Central Region, Singapore"
Guano by DocCheck,http://www.guano.ag/en/,"Cologne, Nordrhein-Westfalen, Germany"
H-Farm,http://www.h-farm.com/en/,"Roncade, Veneto, Italy"
Hakuhodo DY Ventures,https://www.hakuhodody-ventures.co.jp/,
Hangar 51 Ventures by IAG,https://www.hangar51.com/investment/,"London, England, United Kingdom"
Hankyu Hanshin Properties,https://www.hhp.co.jp/en/,
Harvest Global Investments,http://www.harvestglobal.com.hk/en/home/,"Central, Hong Kong Island, Hong Kong"
Hella Ventures,http://HellaVentures.com,"Sunnyvale, California, United States"
Hewlett Packard Pathfinder,https://www.hewlettpackardpathfinder.com/,"Palo Alto, California, United States"
Holtzbrinck Digital,http://www.holtzbrinck-digital.com,"München, Bayern, Germany"
HR Ventures,https://www.hrventures.de/,"Dreieich, Hessen, Germany"
IAG Firemark Ventures,http://firemarklabs.com.au/ventures/,"Sydney, New South Wales, Australia"
IDG Ventures,http://www.idgventures.com/,"Bangalore, Karnataka, India"
Infineon Technologies Japan,https://www.infineon.com/cms/en/,
InnoCells by Banco Sabadell,https://www.innocells.io/en/,"Barcelona, Catalonia, Spain"
Innogy Innovation Hub,https://innovationhub.innogy.com,"Essen, Nordrhein-Westfalen, Germany"
Innogy Ventures,https://www.innogy.ventures/#what-we-invest-in,"Essen, Nordrhein-Westfalen, Germany"
Intermountain Healthcare Innovation Fund,https://intermountainhealthcare.org/about/transforming-healthcare/innovation/business-development/ventures/innovations-fund/,
InVent by Intouch Holdings,http://www.inventvc.com,"Bangkok, Krung Thep, Thailand"
Itochu Techno-Solutions,http://www.ctc-g.co.jp/en/index.html,
Japan Airlines Innovation Fund,https://www.jal.com/en/,
Japan Post,https://www.post.japanpost.jp/index_en.html,
JCI Ventures,http://www.johnsoncontrols.com/ventures,"San Mateo, California, United States"
JJDC by Johnson & Johnson,https://www.jnjinnovation.com/jjdc,"Cambridge, Massachusetts, United States"
JMA Consultants,https://www.jmac.co.jp/,
JR East Start Up,http://jrestartup.co.jp/,
JTB,https://www.jtbcorp.jp/en/,
K - Invest,http://www.k-invest.de,"Pforzheim, Baden-Wurttemberg, Germany"
K4 Ventures,http://www.k4v.co.jp/,
Kaiser Permanente Ventures,http://www.kpventures.com,"Oakland, California, United States"
Kakao Investment,http://www.kvgcorp.com,"Seongnam, Kyonggi-do, South Korea"
Karcher New Venture,https://www.kaercher.com/newventure,"Winnenden, Baden-Wurttemberg, Germany"
Katjesgreenfood,http://www.katjesgreenfood.berlin/,"Berlin, Berlin, Germany"
KDDI Open Innovation Fund,https://www.kddi.com/english/ventures/koif/,"Tokyo, Tokyo, Japan"
Kickstart Ventures,http://www.kickstart.ph,"Makati, Manila, Philippines"
Kintetsu Venture Partners,http://www.kintetsu-g-hd.co.jp/venture/,
Kirin Holdings,https://www.kirinholdings.co.jp/english/,
Kloeckner Ventures,https://www.kloeckner.ventures/,"Berlin, Berlin, Germany"
Kodansya,http://www.kodansha.co.jp/,
Krungsri Finnovate,https://www.krungsrifinnovate.com/en/,"Bangkok, Krung Thep, Thailand"
LeadX Capital Partners,https://leadxcapital.com,"München, Bayern, Germany"
Leap Venture Studio,https://www.leapventurestudio.com/,"Portland, Oregon, United States"
Legal & General Capital,http://www.legalandgeneralcapital.com/,
LEO Innovation Lab,http://leoinnovationlab.com/,"Copenhagen, Hovedstaden, Denmark"
Leonard,https://leonard.vinci.com,"6 place du Colonel Bourgoin, Paris, 75012, France"
Leorsa Innovations,http://leorsavc.com/,"Saint Petersburg, Saint Petersburg City, Russian Federation"
LG Technology Ventures,http://www.lgtechventures.com/,"Santa Clara, California, United States"
Liberty Global Ventures,https://www.libertyglobal.com/operations/ventures/,"Englewood, Colorado, United States"
Liberty Mutual Strategic Ventures,http://libertymutual.com/strategicventures,"Boston, Massachusetts, United States"
Lilly Ventures,http://www.lillyventures.com,"Indianapolis, Indiana, United States"
LINE Ventures,https://lineventurescorp.com/en/,"Tokyo, Tokyo, Japan"
Lockheed Martin Ventures,http://www.lockheedmartin.com/us/who-we-are/lockheed-martin-ventures.html,"Bethesda, Maryland, United States"
Loeb.nyc,https://www.loeb.nyc/,"New York, New York, United States"
Logo Ventures,https://www.logo.com.tr,"Istanbul, Istanbul, Turkey"
Lowe's Ventures,http://lowesventures.com,"Mooresville, North Carolina, United States"
Luma Launch,https://www.lumalaunch.com/,"Santa Monica, California, United States"
Lumina Impact Ventures,https://www.luminafoundation.org/lumina-impact-ventures,
Macquarie Capital,http://www.macquarie.com/us/about/company/macquarie-capital,"London, England, United Kingdom"
Maersk Growth,https://www.maersk.com/growth,"Esplanaden 6, DK-1263 Copenhagen, Denmark"
Mahindra Partners,http://www.mahindrapartners.com,"Mumbai, Maharashtra, India"
Mail.Ru Games Ventures,http://gamesventures.mail.ru/,"Moscow, Moscow City, Russian Federation"
Manatt Venture Fund,https://www.manatt.com/venture-capital-emerging-companies,"Los Angeles, California, United States"
Match2blue,http://match2blue.com,"Engelplatz 14a, 07743 Jena, Germany"
MBU Capital,http://www.mbucapital.com,"London, England, United Kingdom"
MCI Mandiri Capital Indonesia,http://mandiri-capital.co.id/en/home/,"Jakarta, Jakarta Raya, Indonesia"
MDC Ventures,http://mdcventures.vc/,"New York, New York, United States"
MDI Ventures by Telkom Indonesia,http://www.mdi.vc,"Jakarta, Jakarta Raya, Indonesia"
MedImmune Ventures,http://medimmuneventures.com,"Gaithersburg, Maryland, United States"
Mediterranean Towers Ventures,http://ventures.migdalei.co.il/,
Mercado Libre Fund,https://www.mercadolibre.com/fund,"Buenos Aires, Distrito Federal, Argentina"
Merck Global Health Innovation Fund,http://www.merck.com/ghi,"Whitehouse Station, New Jersey, United States"
MGO Digital Ventures,http://www.mgo-ventures.de,"Bamberg, Bayern, Germany"
Milano Venture,http://www.milanoventure.com,"Milan, Lombardia, Italy"
Miramar Digital Ventures,http://miramardv.com/,"Corona Del Mar, California, United States"
Mitsubishi Estate,https://www.mec.co.jp/index_e.html,
31ventures,http://www.31ventures.jp/en/,
Mobile Ventures,https://www.mobile-ventures.com/en/,
Molex Ventures,https://www.molexventures.com/,"Lisle, Illinois, United States"
Monex Ventures,http://www.monexventures.com/,
MTG Ventures,https://www.mtg.gr.jp/en/,
Multicroissance,http://multicroissance.fr/,"Balma, Midi-Pyrenees, France"
Mynavi Corporation,https://www.mynavi.jp/,
Nab Ventures,https://www.nab.com.au/about-us/nab-ventures,Australia
Nautilus by AOL,http://nautilus.aol.com,"Tel Aviv, Tel Aviv, Israel"
Navitas Ventures,http://www.navitasventures.com/,"Sydney, New South Wales, Australia"
Neva Finventures,http://www.group.intesasanpaolo.com,"Turin, Piemonte, Italy"
Next 10 Ventures,https://www.next10ventures.com/,"Los Angeles, California, United States"
Nexus Ventures,http://nexus.ventures,"Ankara, Ankara, Turkey"
Nomura Real Estate Holdings,https://www.nomura-re-hd.co.jp/,
Noosphere Ventures,http://noosphereventures.com,"Menlo Park, California, United States"
Nordisk Film Games,https://www.nordiskfilmgames.com/,
Northwell Ventures,https://www.northwell.edu/,"New Hyde Park, New York, United States"
Novo Holdings,https://www.novoholdings.dk/investments/ventures/,"Bagsværd, Hovedstaden, Denmark"
NovX Capital,https://novxcapital.com/,"162 boulevard Haussmann 75008 Paris, France"
NTT Docomo Ventures,https://www.nttdocomo-v.com/en/,
Ocea Group,https://www.ocea-tgb.com/en/,
Okta Ventures,https://www.okta.com/okta-ventures/,"100 First Street, Suite 600, San Francisco, CA, USA"
Omron Ventures,https://www.omron.com/ventures,"Tokyo, Tokyo, Japan"
Orange Corp,http://www.orangecorp.co,"Mumbai, Maharashtra, India"
Orix Corporation,http://www.orix.co.jp/grp/en/,
OSF Ventures,https://www.osfhealthcare.org/ventures/,"Peoria, Illinois, United States"
Partners Investment,http://www.partnersi.co.kr/eng/,"Seoul, Seoul-t'ukpyolsi, South Korea"
PayPal Ventures,https://www.paypal.com/us/webapps/mpp/paypal-ventures,"San Jose, California, United States"
Pd ventures by Pressedruck,http://pdventures.de/,"Augsburg, Bayern, Germany"
Pfizer Venture Investments,https://www.pfizer.com/partners/venture-investments,"New York, New York, United States"
Phoenix Contact Innovation Ventures,http://www.phoenixcontact-innovationventures.com/,"Blomberg, Nordrhein-Westfalen, Germany"
Ping An Capital,http://pacapital.pingan.com/,"Shanghai, Shanghai, China"
Pix Vine Capital,https://www.pixvc.com/,"Singapore, Central Region, Singapore"
PM Equity Partner,https://www.pmequitypartner.com/,"Lausanne, Vaud, Switzerland"
Pola Orbis Holdings,https://www.po-holdings.co.jp/venture/,
Posco Venture Partners,http://www.poscoventure.co.kr,"Seoul, Seoul-t'ukpyolsi, South Korea"
Praktikerinvest,http://www.praktikertjanst.se,"Stockholm, Stockholms Lan, Sweden"
Prasetia Dwidharma,http://www.prasetia.co.id/investment,"Jakarta Pusat, Jakarta Raya, Indonesia"
Presidio Ventures,http://www.presidio-ventures.com,"Santa Clara, California, United States"
QBE Ventures,https://www.qbe.com/ventures,"Sydney, New South Wales, Australia"
QNBeyond Ventures,https://www.qnbeyondventures.com/,"Istanbul, Turkey"
R/GA Ventures,https://ventures.rga.com/,"New York, New York, United States"
Rakuten Capital,https://capital.rakuten.com/,"Setagaya, Tokyo, Japan"
Randstad Innovation Fund,http://www.randstadinnovationfund.com,"Amsterdam, Noord-Holland, The Netherlands"
RBC Venture Partners,http://www.rbc.com/vp,"Toronto, Ontario, Canada"
Reinventure Group by Westpac Banking,https://reinventure.com.au/,"Sydney, New South Wales, Australia"
Reliance Venture Asset Management,http://www.relianceventure.com/,"Mumbai, Maharashtra, India"
Rev1 Ventures,http://www.rev1ventures.com,"Columbus, Ohio, United States"
Ringier Digital Ventures,http://www.ringier.com/en/about-ringier/activities/ventures,"Zürich, Zurich, Switzerland"
Ringleader Ventures,http://www.ringleaderventures.com,"Elmhurst, Illinois, United States"
RTL Ventures,http://www.rtlventures.nl/,"Hilversum, Noord-Holland, The Netherlands"
RVC InfraFund,http://www.rvcinfra.com/en/,"Moscow, Moscow City, Russian Federation"
SAIC Venture Capital,https://saicvc.com/,"Las Vegas, Nevada, United States"
Samrat Investments,https://www.samratfinancialbanking.com/funding,"Manali, Himachal Pradesh, India"
Sandusky Ventures,http://www.sanduskyventures.com,"Austin, Texas, United States"
Sankonline,http://www.sankonline.com/,"Istanbul, Istanbul, Turkey"
Sanofi-Genzyme BioVentures,http://sanofigenzymebioventures.com,"Cambridge, Massachusetts, United States"
Saudi Aramco Energy Ventures,http://www.saev.com,"Dhahran, Ash Sharqiyah, Saudi Arabia"
Saudi Aramco Entrepreneurship Ventures,https://waed.net/en/home.html,"Dhahran, Ash Sharqiyah, Saudi Arabia"
Scania Growth Capital,http://www.scania.com/group/en/section/innovation/scania-growth-capital/,"Södertälje, Vasternorrlands Lan, Sweden"
SDIC Unity Capital,http://www.sdicfof.com/gtch/index,"Beijing, Beijing, China"
SEB Venture Capital,http://www.seb.se/venturecapital,"Stockholm, Stockholms Lan, Sweden"
Second Working District,http://www.secondworkingdistrict.com/en/,"Palo Alto, California, United States"
Sega Sammy Holdings,https://www.segasammy.co.jp/english/,
ServiceNow Ventures,https://www.servicenow.com/company/ventures.html,
Sesame Ventures,http://www.sesameworkshop.org/sesame-ventures/,"New York, New York, United States"
SevenVentures,http://sevenventures.de,"Unterföhring, Bayern, Germany"
SG Incubate,https://sg-incubate.jp/,
Shanda Capital,http://www.shandacapital.com.cn/,"Shanghai, Shanghai, China"
Shibumi International by Gülermak Heavy Industries Construction and Contracting,http://www.shibumi-international.com/,UAE
SHS Ventures,http://www.stahl-holding-saar.de,"Völklingen, Saarland, Germany"
Siemens Technology Accelerator,https://new.siemens.com/global/en/products/services/technology-accelerator.html,"Munich, Bayern, Germany"
Signals Pre-Seed,https://hellosignals.com/signals-pre-seed-program,"Am Nordbahnhof 3, 10178 Berlin, Germany"
Simon Ventures,http://simonventures.co/,"New York, New York, United States"
Sinclair Digital Ventures,http://sinclairvc.com,"Seattle, Washington, United States"
Sitra,http://www.sitra.fi,"Helsinki, Southern Finland, Finland"
Slack Fund,https://slack.com/developers/fund,"Daly City, California, United States"
Softline Venture Partners,http://softlinevp.com/vp/en,"Moscow, Moscow City, Russian Federation"
Sonae IM,http://www.sonaeim.com/en/,"Maia, Porto, Portugal"
Sound Ventures,http://www.sound-ventures.com/,"Los Angeles, California, United States"
Stanley Ventures,https://www.stanleyventures.com,"Atlanta, Georgia, United States"
Stargate Capital Investment Group,http://www.stargatecapital.co.uk,"London, England, United Kingdom"
Steamboat Ventures,http://steamboatvc.com,"Glendale, California, United States"
SternAegis Ventures,http://www.sternaegis.com/,"New York, New York, United States"
Suning Investment,http://www.suningholdings.com/cms/snInvestment/index.htm,"Shanghai, Shanghai, China"
Superseed Ventures,https://superseed.ventures,"Melbourne, Victoria, Australia"
Symantec Ventures,https://www.symantec.com/symantec-ventures,
Synchrony Ventures,https://www.synchrony.com/ventures.html,"San Francisco, California, United States"
T Fund,http://www.tfund.capital/,"San Mateo, California, United States"
Takeda Ventures,http://www.takedaventures.com/,"Palo Alto, California, United States"
TCL Capital,http://capital-en.tcl.com,"Shenzhen, Guangdong, China"
TDK Ventures,http://www.tdk-ventures.com/,"San Jose, California, United States"
Tekfen Ventures,http://tekfenventures.com/,"New York, New York, United States"
The 13 Ventures,http://www.the13ventures.com,"New York, New York, United States"
The McClatchy Company,http://www.mcclatchy.com,"Sacramento, California, United States"
Tikehau Investment Management,http://www.tikehauim.com,"Paris, Ile-de-France, France"
TIM Ventures,http://timventures.tim.it/,"Milano, Lombardia, Italy"
Time Warner Investments,http://www.timewarner.com/our-company/tw-investments,"New York, New York, United States"
Tin Shed Ventures,http://www.tinshedventures.com/,"Ventura, California, United States"
TIS,http://www.tis.com/,
TMI Telkomsel Mitra Inovasi,https://www.tmi.id,"Jakarta, Jakarta Raya, Indonesia"
TNG Fintech Group Inc.,http://www.tngfintech.com,"Hong Kong, Hong Kong Island, Hong Kong"
Tokyu Corporation,http://www.tokyu.co.jp/global/english/index.html,
Tomorrow Capital,http://www.tomorrowcapital.in,"Mumbai, Maharashtra, India"
Transamerica Ventures,http://www.transamericaventures.com,"New York, New York, United States"
Triaxis Capital,http://www.triaxiscapital.com,"Nova Lima, Minas Gerais, Brazil"
Trinnovate Ventures,http://www.trinnovateventures.com,
Tsuneishi Capital Partners,http://www.tsuneishi-g.jp/english/,
UL Ventures,https://www.ul.com/about/ventures,"Northbrook, Illinois, United States"
Union Tech Ventures,http://uniontech.co.il/,
UnityPoint Health Ventures,https://unitypointhealthventures.org/,"West Des Moines, Iowa, United States"
UPS Ventures,http://www.ups.com/sef,"Atlanta, Georgia, United States"
USAA Corporate Development,https://usaacorpdev.com/,"San Antonio, Texas, United States"
UTA Ventures,http://ventures.unitedtalent.com/,"Beverly Hills, California, United States"
Van Herk Ventures,http://www.vanherkgroep.nl,"Rotterdam, Zuid-Holland, The Netherlands"
VCCorp,https://vccorp.vn/,
Ventech China,http://www.ventechchina.com/,"Shanghai, Shanghai, China"
Verizon Ventures,http://www.verizonventures.com,"Basking Ridge, New Jersey, United States"
Viking Capital,http://www.vikingcapital.co,"Beijing, Beijing, China"
Vodafone Ventures,https://www.vodafone.com/business/why-vodafone/vodafone-business-ventures,UK
Vogel Ventures,http://vogelventures.de/,"Berlin, Berlin, Germany"
Volvo Cars Tech Fund,https://group.volvocars.com/company/innovation/volvo-cars-tech-fund,"Mountain View, California, United States"
Voyage Ventures,https://voyage-ventures.com/en/,
W23 by Woolworths,https://www.w23.vc/,Australia
Wadhawan Global Capital,http://www.wgcworld.com/,"Mumbai, Maharashtra, India"
Wells Fargo Strategic Capital,https://www.wellsfargo.com/com/financing/strategic-capital/,"Houston, Texas, United States"
Western Digital Capital,https://www.westerndigital.com/,"Irvine, California, United States"
Winton Ventures,https://www.winton.com/ventures,"London, England, United Kingdom"
Workday Ventures,https://ventures.workday.com/,"San Francisco, California, United States"
WPP Ventures,http://www.wppventures.com,"London, England, United Kingdom"
Y Soft Ventures,http://www.ysoftventures.com,"Brno, Jihomoravsky kraj, Czech Republic"
Yamato Holdings,http://www.yamato-hd.co.jp/english/index.html,
Yet2Ventures,http://www.yet2ventures.com,"Wilmington, Delaware, United States"
YJ Capital,http://yj-capital.co.jp/en/,"Tokyo, Tokyo, Japan"
You & Mr Jones Brandtech Ventures,http://www.youandmrjones.com/,"New York, New York, United States"
Z Corporation,https://z-corp.jp/,
Zaffre Investments,http://www.zaffreinvestments.com,"Boston, Massachusetts, United States"
Zhangjiang Torch Venture Capital Co,http://www.zjhjf.com,"Shanghai, Shanghai, China"
Zhengzhou Runner Electric (ZZRunner),http://www.runnerelec.com/,"Zhengzhou, Henan, China"
Zhongcai Financial Holding Investment,http://www.zcfhi.net/,"Beijing, Beijing, China"
Zing Capital,http://zingcapital.com,"Vancouver, Washington, United States"
zVentures by Razer,https://www.zvntrs.com,"San Francisco, California, United States"
Saison Capital,https://saisoncapital.com/,"Singapore, Singapore 018960, SG"
Deutsche Telekom Hubraum Fund,http://www.hubraum.com/investment,"Winterfeldtstr. 21, 10781 Berlin, Germany"
Allegion Ventures,https://www.allegion.com/corp/en/ventures.html,"11819 N Pennsylvania St, Carmel, IN 46032"
Altavia Adventures,https://www.linkedin.com/company/altavia-adventures/,"2, Place du Colonel Fabien, Paris, Île-de-France 75019, FR"
Burda Principal Investments,http://www.burdaprincipalinvestments.com/,"Arabellastraße 23, Munich, 81925, DE"
Deutsche Bahn Digital Ventures,https://deutschebahnventures.de/,"Berlin, Berlin, Germany"
Henkel Ventures,https://www.henkel-ventures.com/,"Düsseldorf, Nordrhein-Westfalen, Germany"
SIX Fintech Ventures,https://www.six-group.com/en/company/innovation/start-ups.html,"Hardturmstrasse 201, 8005 Zurich, Switzerland"
MAIF Impact,https://entreprise.maif.fr/engagements/economie-responsable/maif-impact,"156 rue de l'université, Paris"
Hyundai CRADLE,https://www.cradleinc.com/,"Seoul, South Korea"
Baloise Mobility,https://www.baloise.com/mobility,"Aeschengraben 21, Basel, 4002, CH"
Protocol Labs,https://protocol.ai/,"San Francisco, California 94102, US"
MDR Lab,https://lab.mdr.london/,"70 Kingsway, Africa House, London, England WC2B 6AH, GB"
Munich Re Ventures,https://www.munichre.com/mrv/en.html,"2 Embarcadero Center, San Francisco, California 94111, US"
Obratori,https://obratori.com,"61 Boulevard des Dames 13002 Marseille, France"
Superbet Ventures,https://www.superbetgroup.com,"38 Warren Street, London, England W1T 5LA, GB"
Gumi Cryptos Capital,https://www.gumi-cryptos.com/,"44 Tehama St, San Francisco, California 94105, US"
Compass Digital Ventures,https://compassdigitalventures.io/,"2400 Yorkmount, Charlotte NC 28217, USA"
Great Eagle Holdings,https://www.greateagle.com.hk/,"33/F, Great Eagle Centre, 23 Harbour Road, Wanchai, Hong Kong"
LvlUp Ventures,https://www.lvlup.ventures/,"555 E 5th St. Los Angeles, California 90013, US"
Strada Education Network,https://stradaeducation.org/strategic-investments-portfolio/,"10 W. Market Street Suite 1100 Indianapolis, IN 46204"
Bangchak Initiative and Innovation Center,https://www.bangchak.co.th/en/greenovation/biic,"2098 M Tower Building, 8th Floor, Sukhumvit Road, Phra Khanong Tai, Phra Khanong, Bangkok 10260 Thailand"
Index Exchange,https://www.indexexchange.com/,"8 Spadina Avenue Suite 2900 Toronto, ON M5V 0S8"
XPRESS Ventures,https://xpress.ventures/,"Zionskirchstr. 73a, 10119, Berlin, Germany"
TRUMPF Venture,https://www.trumpf.com/en_INT/company/trumpf-group/trumpf-venture/,"Johann-Maus-Str. 2, Ditzingen, 71254, DE"
Cisco Climate Commitment,https://www.cisco.com/c/en/us/about/csr/climate-impact-regeneration.html,"Cisco Systems, Inc. 170 West Tasman Dr. San Jose, CA 95134 USA"
Vestel Ventures,https://www.vestelventures.com/,"Sisli, Istanbul, Turkey"
Standards Australia Future Fund,https://www.standards.org.au/futurefund,"‍The Exchange Centre Level 9, 20 Bridge Street Sydney NSW 2000"
The Sharing Group,https://thesharinggroup.com/,"James Wattstraat 77, 1097 DL Amsterdam"
Adesso Ventures,https://www.adesso-ventures.com/,"Prinzenstraße 34, 10969 , Berlin, DE"
Flossbach von Storch - Innovation Hub,http://www.flossbachvonstorch-innovationhub.de/,"Ottoplatz 1, 50679 Cologne, Germany"
Yamaha Motor Ventures,https://www.yamahamotor.vc/,"422 Portage Ave, Palo Alto, CA 94306"
Catalyst by Wellstar,https://catalyst.wellstar.org/,"793 Sawyer Rd, Marietta, GA 30062"